field,en-US,es-419
Nombre de la aplicación,AR Draw: Easy Sketching,AR Draw: Easy Sketching
Descripción breve,Trace drawings with camera or screen. Free and premium templates.,Traza dibujos con la cámara o la pantalla. Plantillas gratis y premium.
Descripción completa,"AR Draw: Easy Sketching helps you copy any drawing by overlaying a reference image on paper.

HOW IT WORKS
• Choose camera mode (tripod or propped phone) or screen mode (paper on the phone).
• Pick a library template or a photo from your gallery.
• Adjust opacity, zoom, and rotation, lock the image, and draw.

FEATURES
• No account or sign-in required
• Online template library (free and premium)
• Use your own images
• Zoom, opacity, 90° rotation, and position lock
• Front or back camera and flash
• Collapsible tools panel

ADS
The app includes Google AdMob banners and interstitials. Premium templates and gallery use may show a full-screen ad before opening the canvas.

REQUIREMENTS
Android 8.0 or later.","AR Draw: Easy Sketching te ayuda a copiar cualquier dibujo superponiendo una imagen de referencia sobre el papel.

CÓMO FUNCIONA
• Elige el modo cámara (con trípode o el teléfono apoyado) o pantalla (papel sobre el móvil).
• Usa una plantilla de la biblioteca o una foto de tu galería.
• Ajusta opacidad, zoom y rotación, bloquea la imagen y dibuja.

CARACTERÍSTICAS
• Sin cuenta ni registro
• Biblioteca de plantillas en línea (gratis y premium)
• Usa tus propias imágenes
• Zoom, opacidad, rotación 90° y bloqueo de posición
• Cámara frontal o trasera y flash
• Panel de herramientas plegable

ANUNCIOS
La app incluye banners e intersticiales de Google AdMob. Las plantillas premium y el uso de la galería pueden mostrar un anuncio a pantalla completa antes de abrir el lienzo.

REQUISITO
Android 8.0 o superior."
Novedades,"• Free and premium template library
• Ads: banners and interstitials
• Targets Android 16
• English and Spanish UI","• Biblioteca de plantillas gratis y premium
• Anuncios: banners e intersticiales
• La app apunta a Android 16
• Interfaz en inglés y español"
