title,short_description,full_description
AR Draw: Easy Sketching,Traza dibujos con la cámara o la pantalla. Plantillas gratis y premium.,"AR Draw: Easy Sketching te ayuda a copiar cualquier dibujo superponiendo una imagen de referencia sobre el papel.

CÓMO FUNCIONA
• Elige el modo cámara (con trípode o el teléfono apoyado) o pantalla (papel sobre el móvil).
• Usa una plantilla de la biblioteca o una foto de tu galería.
• Ajusta opacidad, zoom y rotación, bloquea la imagen y dibuja.

CARACTERÍSTICAS
• Sin cuenta ni registro
• Biblioteca de plantillas en línea (gratis y premium)
• Usa tus propias imágenes
• Zoom, opacidad, rotación 90° y bloqueo de posición
• Cámara frontal o trasera y flash
• Panel de herramientas plegable

ANUNCIOS
La app incluye banners e intersticiales de Google AdMob. Las plantillas premium y el uso de la galería pueden mostrar un anuncio a pantalla completa antes de abrir el lienzo.

REQUISITO
Android 8.0 o superior."
